{
  "project_info": {
    "project_number": "1016358109064",
    "firebase_url": "https://medvent-4b331-default-rtdb.asia-southeast1.firebasedatabase.app",
    "project_id": "medvent-4b331",
    "storage_bucket": "medvent-4b331.appspot.com"
  },
  "client": [
    {
      "client_info": {
        "mobilesdk_app_id": "1:1016358109064:android:b6feb54d8f532b14a3043d",
        "android_client_info": {
          "package_name": "com.example.medvend"
        }
      },
      "oauth_client": [
        {
          "client_id": "1016358109064-r7knmojp687rr13sfm4t1f7p27r04a7h.apps.googleusercontent.com",
          "client_type": 3
        }
      ],
      "api_key": [
        {
          "current_key": "AIzaSyA4OH86Xq0FH2szZ8qnQRNr2OHP7x1MLDI"
        }
      ],
      "services": {
        "appinvite_service": {
          "other_platform_oauth_client": [
            {
              "client_id": "1016358109064-r7knmojp687rr13sfm4t1f7p27r04a7h.apps.googleusercontent.com",
              "client_type": 3
            },
            {
              "client_id": "1016358109064-1690l6vbfjsairo88mpoujfbaulv89s2.apps.googleusercontent.com",
              "client_type": 2,
              "ios_info": {
                "bundle_id": "com.example.medvend"
              }
            }
          ]
        }
      }
    },
    {
      "client_info": {
        "mobilesdk_app_id": "1:1016358109064:android:7699735c0d61455ea3043d",
        "android_client_info": {
          "package_name": "come.example.medvend"
        }
      },
      "oauth_client": [
        {
          "client_id": "1016358109064-r7knmojp687rr13sfm4t1f7p27r04a7h.apps.googleusercontent.com",
          "client_type": 3
        }
      ],
      "api_key": [
        {
          "current_key": "AIzaSyA4OH86Xq0FH2szZ8qnQRNr2OHP7x1MLDI"
        }
      ],
      "services": {
        "appinvite_service": {
          "other_platform_oauth_client": [
            {
              "client_id": "1016358109064-r7knmojp687rr13sfm4t1f7p27r04a7h.apps.googleusercontent.com",
              "client_type": 3
            },
            {
              "client_id": "1016358109064-1690l6vbfjsairo88mpoujfbaulv89s2.apps.googleusercontent.com",
              "client_type": 2,
              "ios_info": {
                "bundle_id": "com.example.medvend"
              }
            }
          ]
        }
      }
    }
  ],
  "configuration_version": "1"
}